Date,Hour,Page Views,Weekday,Month,NetA_imp,NetA_spd,NetB_imp,NetB_spd
2019-07-07 00:00:00,0,62,Sun,Jul,11,0,32,0
2019-07-07 00:00:00,1,33,Sun,Jul,0,0,10,0
2019-07-07 00:00:00,2,15,Sun,Jul,0,0,16,0
2019-07-07 00:00:00,3,17,Sun,Jul,0,0,18,0
2019-07-07 00:00:00,4,12,Sun,Jul,0,0,9,0
2019-07-07 00:00:00,5,9,Sun,Jul,0,0,7,0
2019-07-07 00:00:00,6,20,Sun,Jul,4,0,9,0
2019-07-07 00:00:00,7,46,Sun,Jul,0,0,6,0
2019-07-07 00:00:00,8,106,Sun,Jul,0,0,6,0
2019-07-07 00:00:00,9,190,Sun,Jul,12,0,14,0
2019-07-07 00:00:00,10,244,Sun,Jul,10,0,0,0
2019-07-07 00:00:00,11,247,Sun,Jul,0,0,14,0
2019-07-07 00:00:00,12,260,Sun,Jul,16,0,13,0
2019-07-07 00:00:00,13,260,Sun,Jul,7,21,7,0
2019-07-07 00:00:00,14,218,Sun,Jul,10,0,15,0
2019-07-07 00:00:00,15,229,Sun,Jul,17,0,7,0
2019-07-07 00:00:00,16,204,Sun,Jul,12,79,12,98
2019-07-07 00:00:00,17,232,Sun,Jul,2,59,35,0
2019-07-07 00:00:00,18,190,Sun,Jul,3,0,5,78
2019-07-07 00:00:00,19,175,Sun,Jul,33,0,7,0
2019-07-07 00:00:00,20,168,Sun,Jul,125,0,18,0
2019-07-07 00:00:00,21,187,Sun,Jul,33,0,36,0
2019-07-07 00:00:00,22,148,Sun,Jul,92,0,38,0
2019-07-07 00:00:00,23,91,Sun,Jul,34,0,47,0
2019-07-08 00:00:00,0,46,Mon,Jul,0,0,30,0
2019-07-08 00:00:00,1,25,Mon,Jul,0,0,6,0
2019-07-08 00:00:00,2,22,Mon,Jul,0,0,13,0
2019-07-08 00:00:00,3,11,Mon,Jul,0,0,8,0
2019-07-08 00:00:00,4,12,Mon,Jul,0,0,4,0
2019-07-08 00:00:00,5,16,Mon,Jul,0,0,2,0
2019-07-08 00:00:00,6,50,Mon,Jul,0,0,2,0
2019-07-08 00:00:00,7,77,Mon,Jul,3,0,6,0
2019-07-08 00:00:00,8,130,Mon,Jul,2,0,3,0
2019-07-08 00:00:00,9,311,Mon,Jul,0,0,6,0
2019-07-08 00:00:00,10,359,Mon,Jul,0,0,15,0
2019-07-08 00:00:00,11,353,Mon,Jul,9,101,0,0
2019-07-08 00:00:00,12,346,Mon,Jul,10,134,4,0
2019-07-08 00:00:00,13,281,Mon,Jul,11,0,21,0
2019-07-08 00:00:00,14,290,Mon,Jul,17,0,9,135
2019-07-08 00:00:00,15,304,Mon,Jul,13,0,4,0
2019-07-08 00:00:00,16,276,Mon,Jul,16,239,31,0
2019-07-08 00:00:00,17,186,Mon,Jul,12,0,25,639
2019-07-08 00:00:00,18,180,Mon,Jul,77,0,0,0
2019-07-08 00:00:00,19,176,Mon,Jul,75,544,0,0
2019-07-08 00:00:00,20,195,Mon,Jul,59,0,26,0
2019-07-08 00:00:00,21,240,Mon,Jul,32,0,0,0
2019-07-08 00:00:00,22,167,Mon,Jul,34,48,36,0
2019-07-08 00:00:00,23,107,Mon,Jul,22,0,65,0
2019-07-09 00:00:00,0,55,Tue,Jul,1,0,36,0
2019-07-09 00:00:00,1,32,Tue,Jul,0,0,20,0
2019-07-09 00:00:00,2,26,Tue,Jul,0,0,11,0
2019-07-09 00:00:00,3,14,Tue,Jul,0,0,13,0
2019-07-09 00:00:00,4,11,Tue,Jul,0,0,6,0
2019-07-09 00:00:00,5,19,Tue,Jul,0,0,6,0
2019-07-09 00:00:00,6,36,Tue,Jul,0,0,0,0
2019-07-09 00:00:00,7,88,Tue,Jul,2,0,4,0
2019-07-09 00:00:00,8,125,Tue,Jul,2,0,6,12
2019-07-09 00:00:00,9,206,Tue,Jul,31,185,3,0
2019-07-09 00:00:00,10,271,Tue,Jul,4,0,7,0
2019-07-09 00:00:00,11,309,Tue,Jul,5,40,10,0
2019-07-09 00:00:00,12,260,Tue,Jul,12,0,12,0
2019-07-09 00:00:00,13,261,Tue,Jul,23,0,43,203
2019-07-09 00:00:00,14,274,Tue,Jul,19,0,27,0
2019-07-09 00:00:00,15,236,Tue,Jul,12,0,12,0
2019-07-09 00:00:00,16,276,Tue,Jul,2,0,37,0
2019-07-09 00:00:00,17,210,Tue,Jul,14,0,61,0
2019-07-09 00:00:00,18,155,Tue,Jul,86,0,0,0
2019-07-09 00:00:00,19,169,Tue,Jul,92,263,29,0
2019-07-09 00:00:00,20,193,Tue,Jul,245,330,108,4795
2019-07-09 00:00:00,21,183,Tue,Jul,93,0,108,0
2019-07-09 00:00:00,22,118,Tue,Jul,41,0,48,0
2019-07-09 00:00:00,23,92,Tue,Jul,72,59,64,0
2019-07-10 00:00:00,0,44,Wed,Jul,0,0,38,0
2019-07-10 00:00:00,1,38,Wed,Jul,0,0,15,0
2019-07-10 00:00:00,2,14,Wed,Jul,0,0,18,0
2019-07-10 00:00:00,3,23,Wed,Jul,0,0,31,0
2019-07-10 00:00:00,4,12,Wed,Jul,0,0,10,0
2019-07-10 00:00:00,5,17,Wed,Jul,0,0,8,0
2019-07-10 00:00:00,6,40,Wed,Jul,0,0,0,0
2019-07-10 00:00:00,7,85,Wed,Jul,0,0,3,0
2019-07-10 00:00:00,8,143,Wed,Jul,0,0,3,0
2019-07-10 00:00:00,9,197,Wed,Jul,3,0,4,0
2019-07-10 00:00:00,10,220,Wed,Jul,0,0,10,0
2019-07-10 00:00:00,11,255,Wed,Jul,4,0,4,0
2019-07-10 00:00:00,12,295,Wed,Jul,0,0,26,0
2019-07-10 00:00:00,13,286,Wed,Jul,3,0,14,0
2019-07-10 00:00:00,14,268,Wed,Jul,0,0,7,116
2019-07-10 00:00:00,15,240,Wed,Jul,3,0,25,0
2019-07-10 00:00:00,16,211,Wed,Jul,3,0,11,0
2019-07-10 00:00:00,17,177,Wed,Jul,1,0,26,0
2019-07-10 00:00:00,18,159,Wed,Jul,0,0,0,0
2019-07-10 00:00:00,19,152,Wed,Jul,8,0,56,376
2019-07-10 00:00:00,20,165,Wed,Jul,72,130,22,0
2019-07-10 00:00:00,21,197,Wed,Jul,0,0,22,0
2019-07-10 00:00:00,22,144,Wed,Jul,31,0,12,0
2019-07-10 00:00:00,23,92,Wed,Jul,0,0,36,0
2019-07-11 00:00:00,0,60,Thu,Jul,0,0,41,0
2019-07-11 00:00:00,1,25,Thu,Jul,0,0,10,0
2019-07-11 00:00:00,2,18,Thu,Jul,0,0,15,0
2019-07-11 00:00:00,3,17,Thu,Jul,0,0,13,0
2019-07-11 00:00:00,4,12,Thu,Jul,0,0,7,0
2019-07-11 00:00:00,5,16,Thu,Jul,0,0,5,0
2019-07-11 00:00:00,6,29,Thu,Jul,3,0,5,0
2019-07-11 00:00:00,7,65,Thu,Jul,0,0,1,0
2019-07-11 00:00:00,8,137,Thu,Jul,3,0,3,0
2019-07-11 00:00:00,9,197,Thu,Jul,15,0,2,0
2019-07-11 00:00:00,10,244,Thu,Jul,2,0,2,0
2019-07-11 00:00:00,11,278,Thu,Jul,14,236,13,0
2019-07-11 00:00:00,12,280,Thu,Jul,16,160,5,0
2019-07-11 00:00:00,13,269,Thu,Jul,1,0,8,0
2019-07-11 00:00:00,14,226,Thu,Jul,0,0,3,116
2019-07-11 00:00:00,15,264,Thu,Jul,16,189,5,0
2019-07-11 00:00:00,16,250,Thu,Jul,4,43,11,0
2019-07-11 00:00:00,17,187,Thu,Jul,0,0,20,0
2019-07-11 00:00:00,18,185,Thu,Jul,0,0,5,36
2019-07-11 00:00:00,19,175,Thu,Jul,26,963,0,0
2019-07-11 00:00:00,20,173,Thu,Jul,0,0,0,0
2019-07-11 00:00:00,21,186,Thu,Jul,37,403,0,0
2019-07-11 00:00:00,22,157,Thu,Jul,17,0,1,78
2019-07-11 00:00:00,23,97,Thu,Jul,0,0,7,0
2019-07-12 00:00:00,0,53,Fri,Jul,0,0,37,0
2019-07-12 00:00:00,1,31,Fri,Jul,0,0,8,0
2019-07-12 00:00:00,2,18,Fri,Jul,0,0,20,0
2019-07-12 00:00:00,3,13,Fri,Jul,0,0,12,0
2019-07-12 00:00:00,4,18,Fri,Jul,0,0,10,0
2019-07-12 00:00:00,5,21,Fri,Jul,0,0,6,0
2019-07-12 00:00:00,6,42,Fri,Jul,0,0,2,0
2019-07-12 00:00:00,7,63,Fri,Jul,0,0,0,0
2019-07-12 00:00:00,8,158,Fri,Jul,0,0,1,0
2019-07-12 00:00:00,9,196,Fri,Jul,0,0,0,0
2019-07-12 00:00:00,10,248,Fri,Jul,0,0,0,0
2019-07-12 00:00:00,11,258,Fri,Jul,5,40,1,0
2019-07-12 00:00:00,12,279,Fri,Jul,12,0,4,0
2019-07-12 00:00:00,13,226,Fri,Jul,0,0,5,0
2019-07-12 00:00:00,14,249,Fri,Jul,0,0,13,0
2019-07-12 00:00:00,15,246,Fri,Jul,0,0,22,0
2019-07-12 00:00:00,16,212,Fri,Jul,0,0,10,0
2019-07-12 00:00:00,17,159,Fri,Jul,30,752,51,0
2019-07-12 00:00:00,18,135,Fri,Jul,0,0,19,784
2019-07-12 00:00:00,19,168,Fri,Jul,0,0,34,0
2019-07-12 00:00:00,20,144,Fri,Jul,30,3377,18,0
2019-07-12 00:00:00,21,161,Fri,Jul,27,571,11,0
2019-07-12 00:00:00,22,110,Fri,Jul,0,0,22,116
2019-07-12 00:00:00,23,69,Fri,Jul,0,0,59,508
2019-07-13 00:00:00,0,59,Sat,Jul,0,0,44,0
2019-07-13 00:00:00,1,34,Sat,Jul,0,0,22,0
2019-07-13 00:00:00,2,17,Sat,Jul,0,0,21,0
2019-07-13 00:00:00,3,12,Sat,Jul,0,0,17,0
2019-07-13 00:00:00,4,12,Sat,Jul,0,0,18,0
2019-07-13 00:00:00,5,11,Sat,Jul,0,0,11,0
2019-07-13 00:00:00,6,29,Sat,Jul,0,0,0,0
2019-07-13 00:00:00,7,86,Sat,Jul,0,0,3,0
2019-07-13 00:00:00,8,135,Sat,Jul,0,0,0,0
2019-07-13 00:00:00,9,178,Sat,Jul,0,0,21,0
2019-07-13 00:00:00,10,226,Sat,Jul,0,0,9,0
2019-07-13 00:00:00,11,254,Sat,Jul,2,0,19,0
2019-07-13 00:00:00,12,272,Sat,Jul,0,0,5,0
2019-07-13 00:00:00,13,247,Sat,Jul,7,0,20,0
2019-07-13 00:00:00,14,304,Sat,Jul,0,0,18,102
2019-07-13 00:00:00,15,254,Sat,Jul,0,0,12,0
2019-07-13 00:00:00,16,261,Sat,Jul,2,0,14,102
2019-07-13 00:00:00,17,192,Sat,Jul,32,838,1,0
2019-07-13 00:00:00,18,143,Sat,Jul,0,0,32,1048
2019-07-13 00:00:00,19,162,Sat,Jul,0,0,0,0
2019-07-13 00:00:00,20,127,Sat,Jul,22,155,11,78
2019-07-13 00:00:00,21,130,Sat,Jul,0,0,20,72
2019-07-13 00:00:00,22,110,Sat,Jul,0,0,32,439
2019-07-13 00:00:00,23,77,Sat,Jul,0,0,100,0
2019-07-14 00:00:00,0,40,Sun,Jul,0,0,0,0
2019-07-14 00:00:00,1,50,Sun,Jul,0,0,0,0
2019-07-14 00:00:00,2,21,Sun,Jul,0,0,0,0
2019-07-14 00:00:00,3,17,Sun,Jul,0,0,0,0
2019-07-14 00:00:00,4,9,Sun,Jul,0,0,0,0
2019-07-14 00:00:00,5,15,Sun,Jul,0,0,0,0
2019-07-14 00:00:00,6,20,Sun,Jul,2,0,0,0
2019-07-14 00:00:00,7,77,Sun,Jul,4,0,0,0
2019-07-14 00:00:00,8,112,Sun,Jul,6,0,0,0
2019-07-14 00:00:00,9,170,Sun,Jul,7,0,0,0
2019-07-14 00:00:00,10,243,Sun,Jul,6,0,0,0
2019-07-14 00:00:00,11,261,Sun,Jul,6,0,0,0
2019-07-14 00:00:00,12,299,Sun,Jul,10,0,0,0
2019-07-14 00:00:00,13,281,Sun,Jul,12,0,3,73
2019-07-14 00:00:00,14,303,Sun,Jul,16,0,0,0
2019-07-14 00:00:00,15,311,Sun,Jul,6,0,7,98
2019-07-14 00:00:00,16,277,Sun,Jul,6,0,3,145
2019-07-14 00:00:00,17,225,Sun,Jul,6,0,0,0
2019-07-14 00:00:00,18,214,Sun,Jul,0,0,0,0
2019-07-14 00:00:00,19,213,Sun,Jul,22,725,19,512
2019-07-14 00:00:00,20,216,Sun,Jul,6,213,0,0
2019-07-14 00:00:00,21,205,Sun,Jul,31,0,3,50
2019-07-14 00:00:00,22,158,Sun,Jul,9,0,0,0
2019-07-14 00:00:00,23,121,Sun,Jul,0,0,0,0
2019-07-15 00:00:00,0,67,Mon,Jul,0,0,0,0
2019-07-15 00:00:00,1,54,Mon,Jul,0,0,0,0
2019-07-15 00:00:00,2,32,Mon,Jul,0,0,0,0
2019-07-15 00:00:00,3,22,Mon,Jul,0,0,0,0
2019-07-15 00:00:00,4,9,Mon,Jul,0,0,0,0
2019-07-15 00:00:00,5,23,Mon,Jul,0,0,0,0
2019-07-15 00:00:00,6,39,Mon,Jul,0,0,0,0
2019-07-15 00:00:00,7,66,Mon,Jul,0,0,0,0
2019-07-15 00:00:00,8,151,Mon,Jul,0,0,0,0
2019-07-15 00:00:00,9,264,Mon,Jul,0,0,0,0
2019-07-15 00:00:00,10,453,Mon,Jul,0,0,0,0
2019-07-15 00:00:00,11,580,Mon,Jul,12,239,0,0
2019-07-15 00:00:00,12,419,Mon,Jul,0,0,0,0
2019-07-15 00:00:00,13,353,Mon,Jul,3,0,0,0
2019-07-15 00:00:00,14,338,Mon,Jul,6,0,15,203
2019-07-15 00:00:00,15,267,Mon,Jul,13,40,0,0
2019-07-15 00:00:00,16,312,Mon,Jul,7,0,0,0
2019-07-15 00:00:00,17,270,Mon,Jul,10,46,0,0
2019-07-15 00:00:00,18,241,Mon,Jul,0,0,37,1998
2019-07-15 00:00:00,19,238,Mon,Jul,22,374,0,0
2019-07-15 00:00:00,20,218,Mon,Jul,13,686,0,0
2019-07-15 00:00:00,21,234,Mon,Jul,0,0,11,230
2019-07-15 00:00:00,22,161,Mon,Jul,11,0,0,0
2019-07-15 00:00:00,23,107,Mon,Jul,11,392,0,0
2019-07-16 00:00:00,0,63,Tue,Jul,0,0,0,0
2019-07-16 00:00:00,1,40,Tue,Jul,0,0,0,0
2019-07-16 00:00:00,2,19,Tue,Jul,0,0,0,0
2019-07-16 00:00:00,3,34,Tue,Jul,0,0,0,0
2019-07-16 00:00:00,4,14,Tue,Jul,0,0,0,0
2019-07-16 00:00:00,5,33,Tue,Jul,0,0,0,0
2019-07-16 00:00:00,6,39,Tue,Jul,1,0,0,0
2019-07-16 00:00:00,7,89,Tue,Jul,0,0,0,0
2019-07-16 00:00:00,8,138,Tue,Jul,2,0,0,0
2019-07-16 00:00:00,9,220,Tue,Jul,4,0,0,0
2019-07-16 00:00:00,10,247,Tue,Jul,4,0,0,0
2019-07-16 00:00:00,11,255,Tue,Jul,2,0,0,0
2019-07-16 00:00:00,12,282,Tue,Jul,13,160,0,0
2019-07-16 00:00:00,13,283,Tue,Jul,8,0,0,0
2019-07-16 00:00:00,14,234,Tue,Jul,6,0,0,0
2019-07-16 00:00:00,15,318,Tue,Jul,0,0,2,73
2019-07-16 00:00:00,16,355,Tue,Jul,3,0,0,0
2019-07-16 00:00:00,17,238,Tue,Jul,0,0,0,0
2019-07-16 00:00:00,18,195,Tue,Jul,1,0,0,0
2019-07-16 00:00:00,19,240,Tue,Jul,5,0,0,0
2019-07-16 00:00:00,20,169,Tue,Jul,13,433,0,0
2019-07-16 00:00:00,21,186,Tue,Jul,33,381,0,0
2019-07-16 00:00:00,22,146,Tue,Jul,15,0,0,0
2019-07-16 00:00:00,23,102,Tue,Jul,7,0,0,0
2019-07-17 00:00:00,0,46,Wed,Jul,0,0,0,0
2019-07-17 00:00:00,1,25,Wed,Jul,0,0,0,0
2019-07-17 00:00:00,2,18,Wed,Jul,0,0,0,0
2019-07-17 00:00:00,3,16,Wed,Jul,0,0,0,0
2019-07-17 00:00:00,4,17,Wed,Jul,0,0,0,0
2019-07-17 00:00:00,5,25,Wed,Jul,0,0,0,0
2019-07-17 00:00:00,6,33,Wed,Jul,0,0,0,0
2019-07-17 00:00:00,7,92,Wed,Jul,0,0,0,0
2019-07-17 00:00:00,8,159,Wed,Jul,21,474,0,0
2019-07-17 00:00:00,9,208,Wed,Jul,2,0,0,0
2019-07-17 00:00:00,10,239,Wed,Jul,7,0,0,0
2019-07-17 00:00:00,11,292,Wed,Jul,3,0,0,0
2019-07-17 00:00:00,12,320,Wed,Jul,2,0,0,0
2019-07-17 00:00:00,13,276,Wed,Jul,8,0,0,0
2019-07-17 00:00:00,14,292,Wed,Jul,4,0,0,0
2019-07-17 00:00:00,15,221,Wed,Jul,27,0,5,73
2019-07-17 00:00:00,16,275,Wed,Jul,23,267,0,0
2019-07-17 00:00:00,17,203,Wed,Jul,7,0,0,0
2019-07-17 00:00:00,18,178,Wed,Jul,0,0,20,615
2019-07-17 00:00:00,19,191,Wed,Jul,5,0,0,0
2019-07-17 00:00:00,20,212,Wed,Jul,7,0,0,0
2019-07-17 00:00:00,21,205,Wed,Jul,5,0,7,50
2019-07-17 00:00:00,22,130,Wed,Jul,62,3687,22,173
2019-07-17 00:00:00,23,90,Wed,Jul,2,507,0,0
2019-07-18 00:00:00,0,53,Thu,Jul,0,0,0,0
2019-07-18 00:00:00,1,40,Thu,Jul,0,0,0,0
2019-07-18 00:00:00,2,16,Thu,Jul,0,0,0,0
2019-07-18 00:00:00,3,20,Thu,Jul,0,0,0,0
2019-07-18 00:00:00,4,10,Thu,Jul,0,0,0,0
2019-07-18 00:00:00,5,26,Thu,Jul,0,0,0,0
2019-07-18 00:00:00,6,35,Thu,Jul,0,0,0,0
2019-07-18 00:00:00,7,76,Thu,Jul,0,0,0,0
2019-07-18 00:00:00,8,124,Thu,Jul,2,0,0,0
2019-07-18 00:00:00,9,204,Thu,Jul,2,0,0,0
2019-07-18 00:00:00,10,246,Thu,Jul,1,0,0,0
2019-07-18 00:00:00,11,264,Thu,Jul,0,0,0,0
2019-07-18 00:00:00,12,264,Thu,Jul,9,0,0,0
2019-07-18 00:00:00,13,276,Thu,Jul,11,0,0,0
2019-07-18 00:00:00,14,273,Thu,Jul,18,0,0,0
2019-07-18 00:00:00,15,257,Thu,Jul,8,0,0,0
2019-07-18 00:00:00,16,256,Thu,Jul,3,0,7,116
2019-07-18 00:00:00,17,205,Thu,Jul,29,1001,0,0
2019-07-18 00:00:00,18,187,Thu,Jul,0,0,20,559
2019-07-18 00:00:00,19,214,Thu,Jul,44,721,0,0
2019-07-18 00:00:00,20,207,Thu,Jul,36,280,0,0
2019-07-18 00:00:00,21,208,Thu,Jul,0,0,6,65
2019-07-18 00:00:00,22,141,Thu,Jul,48,596,5,112
2019-07-18 00:00:00,23,89,Thu,Jul,1,99,0,0
2019-07-19 00:00:00,0,52,Fri,Jul,0,0,0,0
2019-07-19 00:00:00,1,40,Fri,Jul,0,0,0,0
2019-07-19 00:00:00,2,21,Fri,Jul,0,0,0,0
2019-07-19 00:00:00,3,26,Fri,Jul,0,0,0,0
2019-07-19 00:00:00,4,16,Fri,Jul,0,0,0,0
2019-07-19 00:00:00,5,26,Fri,Jul,0,0,0,0
2019-07-19 00:00:00,6,23,Fri,Jul,0,0,0,0
2019-07-19 00:00:00,7,63,Fri,Jul,2,0,0,0
2019-07-19 00:00:00,8,135,Fri,Jul,0,0,0,0
2019-07-19 00:00:00,9,230,Fri,Jul,3,0,0,0
2019-07-19 00:00:00,10,269,Fri,Jul,6,0,0,0
2019-07-19 00:00:00,11,263,Fri,Jul,0,0,0,0
2019-07-19 00:00:00,12,267,Fri,Jul,3,0,0,0
2019-07-19 00:00:00,13,241,Fri,Jul,4,0,0,0
2019-07-19 00:00:00,14,275,Fri,Jul,6,0,0,0
2019-07-19 00:00:00,15,269,Fri,Jul,2,0,0,0
2019-07-19 00:00:00,16,291,Fri,Jul,2,0,0,0
2019-07-19 00:00:00,17,201,Fri,Jul,6,0,31,726
2019-07-19 00:00:00,18,176,Fri,Jul,7,0,19,1119
2019-07-19 00:00:00,19,170,Fri,Jul,2,0,0,0
2019-07-19 00:00:00,20,152,Fri,Jul,5,0,0,0
2019-07-19 00:00:00,21,128,Fri,Jul,12,0,0,0
2019-07-19 00:00:00,22,117,Fri,Jul,4,0,0,0
2019-07-19 00:00:00,23,87,Fri,Jul,0,0,0,0
2019-07-20 00:00:00,0,57,Sat,Jul,0,0,0,0
2019-07-20 00:00:00,1,32,Sat,Jul,0,0,0,0
2019-07-20 00:00:00,2,20,Sat,Jul,0,0,0,0
2019-07-20 00:00:00,3,20,Sat,Jul,0,0,0,0
2019-07-20 00:00:00,4,11,Sat,Jul,0,0,0,0
2019-07-20 00:00:00,5,33,Sat,Jul,0,0,0,0
2019-07-20 00:00:00,6,26,Sat,Jul,0,0,0,0
2019-07-20 00:00:00,7,73,Sat,Jul,0,0,0,0
2019-07-20 00:00:00,8,145,Sat,Jul,12,0,0,0
2019-07-20 00:00:00,9,171,Sat,Jul,8,0,0,0
2019-07-20 00:00:00,10,249,Sat,Jul,3,0,0,0
2019-07-20 00:00:00,11,260,Sat,Jul,0,0,0,0
2019-07-20 00:00:00,12,259,Sat,Jul,1,0,0,0
2019-07-20 00:00:00,13,270,Sat,Jul,2,0,0,0
2019-07-20 00:00:00,14,266,Sat,Jul,13,0,0,0
2019-07-20 00:00:00,15,241,Sat,Jul,23,210,6,102
2019-07-20 00:00:00,16,239,Sat,Jul,30,0,3,174
2019-07-20 00:00:00,17,193,Sat,Jul,4,0,25,508
2019-07-20 00:00:00,18,161,Sat,Jul,17,0,10,482
2019-07-20 00:00:00,19,157,Sat,Jul,12,0,9,320
2019-07-20 00:00:00,20,169,Sat,Jul,7,0,0,0
2019-07-20 00:00:00,21,138,Sat,Jul,3,0,0,0
2019-07-20 00:00:00,22,140,Sat,Jul,15,0,1,29
2019-07-20 00:00:00,23,100,Sat,Jul,5,0,0,0
2019-07-21 00:00:00,0,55,Sun,Jul,0,0,0,0
2019-07-21 00:00:00,1,24,Sun,Jul,0,0,0,0
2019-07-21 00:00:00,2,25,Sun,Jul,0,0,0,0
2019-07-21 00:00:00,3,18,Sun,Jul,0,0,0,0
2019-07-21 00:00:00,4,4,Sun,Jul,0,0,0,0
2019-07-21 00:00:00,5,16,Sun,Jul,0,0,0,0
2019-07-21 00:00:00,6,26,Sun,Jul,0,0,0,0
2019-07-21 00:00:00,7,53,Sun,Jul,0,0,0,0
2019-07-21 00:00:00,8,139,Sun,Jul,0,0,0,0
2019-07-21 00:00:00,9,246,Sun,Jul,0,0,0,0
2019-07-21 00:00:00,10,307,Sun,Jul,7,339,0,0
2019-07-21 00:00:00,11,274,Sun,Jul,0,0,0,0
2019-07-21 00:00:00,12,249,Sun,Jul,0,0,0,0
2019-07-21 00:00:00,13,287,Sun,Jul,0,0,0,0
2019-07-21 00:00:00,14,261,Sun,Jul,0,0,0,0
2019-07-21 00:00:00,15,305,Sun,Jul,8,98,0,0
2019-07-21 00:00:00,16,251,Sun,Jul,38,331,0,0
2019-07-21 00:00:00,17,242,Sun,Jul,9,59,0,0
2019-07-21 00:00:00,18,213,Sun,Jul,0,0,15,224
2019-07-21 00:00:00,19,234,Sun,Jul,0,0,0,0
2019-07-21 00:00:00,20,183,Sun,Jul,0,0,88,3117
2019-07-21 00:00:00,21,182,Sun,Jul,0,0,0,0
2019-07-21 00:00:00,22,133,Sun,Jul,0,0,0,0
2019-07-21 00:00:00,23,114,Sun,Jul,0,0,0,0
2019-07-22 00:00:00,0,53,Mon,Jul,0,0,0,0
2019-07-22 00:00:00,1,26,Mon,Jul,0,0,0,0
2019-07-22 00:00:00,2,30,Mon,Jul,0,0,0,0
2019-07-22 00:00:00,3,21,Mon,Jul,0,0,0,0
2019-07-22 00:00:00,4,12,Mon,Jul,0,0,0,0
2019-07-22 00:00:00,5,20,Mon,Jul,0,0,0,0
2019-07-22 00:00:00,6,36,Mon,Jul,0,0,0,0
2019-07-22 00:00:00,7,74,Mon,Jul,0,0,0,0
2019-07-22 00:00:00,8,158,Mon,Jul,0,0,0,0
2019-07-22 00:00:00,9,272,Mon,Jul,0,0,0,0
2019-07-22 00:00:00,10,288,Mon,Jul,0,0,0,0
2019-07-22 00:00:00,11,353,Mon,Jul,2,14,0,0
2019-07-22 00:00:00,12,318,Mon,Jul,11,272,0,0
2019-07-22 00:00:00,13,288,Mon,Jul,0,0,0,0
2019-07-22 00:00:00,14,263,Mon,Jul,0,0,0,0
2019-07-22 00:00:00,15,300,Mon,Jul,14,253,0,0
2019-07-22 00:00:00,16,285,Mon,Jul,34,346,0,0
2019-07-22 00:00:00,17,248,Mon,Jul,9,54,43,1278
2019-07-22 00:00:00,18,209,Mon,Jul,0,0,35,1998
2019-07-22 00:00:00,19,216,Mon,Jul,0,0,16,122
2019-07-22 00:00:00,20,216,Mon,Jul,0,0,0,0
2019-07-22 00:00:00,21,268,Mon,Jul,0,0,0,0
2019-07-22 00:00:00,22,147,Mon,Jul,46,3889,0,0
2019-07-22 00:00:00,23,98,Mon,Jul,2,99,0,0
2019-07-23 00:00:00,0,38,Tue,Jul,0,0,0,0
2019-07-23 00:00:00,1,31,Tue,Jul,0,0,0,0
2019-07-23 00:00:00,2,26,Tue,Jul,0,0,0,0
2019-07-23 00:00:00,3,27,Tue,Jul,0,0,0,0
2019-07-23 00:00:00,4,17,Tue,Jul,0,0,0,0
2019-07-23 00:00:00,5,22,Tue,Jul,0,0,0,0
2019-07-23 00:00:00,6,48,Tue,Jul,0,0,0,0
2019-07-23 00:00:00,7,90,Tue,Jul,0,0,0,0
2019-07-23 00:00:00,8,138,Tue,Jul,0,0,0,0
2019-07-23 00:00:00,9,239,Tue,Jul,10,125,0,0
2019-07-23 00:00:00,10,301,Tue,Jul,0,0,0,0
2019-07-23 00:00:00,11,247,Tue,Jul,1,7,0,0
2019-07-23 00:00:00,12,293,Tue,Jul,7,160,0,0
2019-07-23 00:00:00,13,260,Tue,Jul,0,0,0,0
2019-07-23 00:00:00,14,263,Tue,Jul,0,0,3,203
2019-07-23 00:00:00,15,234,Tue,Jul,0,0,0,0
2019-07-23 00:00:00,16,236,Tue,Jul,0,0,0,0
2019-07-23 00:00:00,17,217,Tue,Jul,0,0,18,247
2019-07-23 00:00:00,18,184,Tue,Jul,0,0,52,2318
2019-07-23 00:00:00,19,217,Tue,Jul,0,0,0,0
2019-07-23 00:00:00,20,200,Tue,Jul,0,0,0,0
2019-07-23 00:00:00,21,230,Tue,Jul,0,0,0,0
2019-07-23 00:00:00,22,145,Tue,Jul,0,0,0,0
2019-07-23 00:00:00,23,67,Tue,Jul,5,134,0,0
2019-07-24 00:00:00,0,49,Wed,Jul,0,0,0,0
2019-07-24 00:00:00,1,45,Wed,Jul,0,0,0,0
2019-07-24 00:00:00,2,13,Wed,Jul,0,0,0,0
2019-07-24 00:00:00,3,17,Wed,Jul,0,0,0,0
2019-07-24 00:00:00,4,8,Wed,Jul,0,0,0,0
2019-07-24 00:00:00,5,17,Wed,Jul,0,0,0,0
2019-07-24 00:00:00,6,41,Wed,Jul,0,0,0,0
2019-07-24 00:00:00,7,65,Wed,Jul,0,0,0,0
2019-07-24 00:00:00,8,148,Wed,Jul,0,0,0,0
2019-07-24 00:00:00,9,210,Wed,Jul,0,0,0,0
2019-07-24 00:00:00,10,215,Wed,Jul,0,0,0,0
2019-07-24 00:00:00,11,263,Wed,Jul,0,0,0,0
2019-07-24 00:00:00,12,276,Wed,Jul,0,8,0,0
2019-07-24 00:00:00,13,244,Wed,Jul,9,160,0,0
2019-07-24 00:00:00,14,250,Wed,Jul,1,12,5,87
2019-07-24 00:00:00,15,237,Wed,Jul,29,294,6,153
2019-07-24 00:00:00,16,252,Wed,Jul,0,0,2,28
2019-07-24 00:00:00,17,182,Wed,Jul,0,0,22,639
2019-07-24 00:00:00,18,167,Wed,Jul,0,0,65,1918
2019-07-24 00:00:00,19,207,Wed,Jul,4,296,0,0
2019-07-24 00:00:00,20,138,Wed,Jul,0,0,0,0
2019-07-24 00:00:00,21,184,Wed,Jul,0,0,0,0
2019-07-24 00:00:00,22,143,Wed,Jul,18,2212,0,0
2019-07-24 00:00:00,23,87,Wed,Jul,1,55,0,0
2019-07-25 00:00:00,0,63,Thu,Jul,0,0,0,0
2019-07-25 00:00:00,1,43,Thu,Jul,0,0,0,0
2019-07-25 00:00:00,2,20,Thu,Jul,0,0,0,0
2019-07-25 00:00:00,3,10,Thu,Jul,0,0,0,0
2019-07-25 00:00:00,4,18,Thu,Jul,0,0,0,0
2019-07-25 00:00:00,5,19,Thu,Jul,0,0,0,0
2019-07-25 00:00:00,6,32,Thu,Jul,0,0,0,0
2019-07-25 00:00:00,7,76,Thu,Jul,0,0,0,0
2019-07-25 00:00:00,8,129,Thu,Jul,6,130,0,0
2019-07-25 00:00:00,9,198,Thu,Jul,0,0,0,0
2019-07-25 00:00:00,10,230,Thu,Jul,0,0,0,0
2019-07-25 00:00:00,11,250,Thu,Jul,0,7,0,0
2019-07-25 00:00:00,12,280,Thu,Jul,0,0,0,0
2019-07-25 00:00:00,13,230,Thu,Jul,0,0,0,0
2019-07-25 00:00:00,14,253,Thu,Jul,0,0,0,0
2019-07-25 00:00:00,15,255,Thu,Jul,0,0,0,0
2019-07-25 00:00:00,16,232,Thu,Jul,0,0,0,0
2019-07-25 00:00:00,17,222,Thu,Jul,6,72,0,0
2019-07-25 00:00:00,18,186,Thu,Jul,14,704,9,240
2019-07-25 00:00:00,19,201,Thu,Jul,0,0,11,122
2019-07-25 00:00:00,20,187,Thu,Jul,0,0,0,0
2019-07-25 00:00:00,21,250,Thu,Jul,0,0,0,0
2019-07-25 00:00:00,22,142,Thu,Jul,0,0,0,0
2019-07-25 00:00:00,23,105,Thu,Jul,0,26,0,0
2019-07-26 00:00:00,0,60,Fri,Jul,0,0,0,0
2019-07-26 00:00:00,1,45,Fri,Jul,0,0,0,0
2019-07-26 00:00:00,2,18,Fri,Jul,0,0,0,0
2019-07-26 00:00:00,3,21,Fri,Jul,0,0,0,0
2019-07-26 00:00:00,4,21,Fri,Jul,0,0,0,0
2019-07-26 00:00:00,5,21,Fri,Jul,0,0,0,0
2019-07-26 00:00:00,6,56,Fri,Jul,0,0,0,0
2019-07-26 00:00:00,7,75,Fri,Jul,0,0,0,0
2019-07-26 00:00:00,8,139,Fri,Jul,0,0,0,0
2019-07-26 00:00:00,9,206,Fri,Jul,0,0,0,0
2019-07-26 00:00:00,10,223,Fri,Jul,0,0,0,0
2019-07-26 00:00:00,11,248,Fri,Jul,0,0,0,0
2019-07-26 00:00:00,12,258,Fri,Jul,0,0,0,0
2019-07-26 00:00:00,13,233,Fri,Jul,0,0,0,0
2019-07-26 00:00:00,14,210,Fri,Jul,0,0,0,0
2019-07-26 00:00:00,15,225,Fri,Jul,8,210,6,73
2019-07-26 00:00:00,16,219,Fri,Jul,2,32,8,697
2019-07-26 00:00:00,17,178,Fri,Jul,7,54,39,1234
2019-07-26 00:00:00,18,175,Fri,Jul,0,0,27,1119
2019-07-26 00:00:00,19,153,Fri,Jul,0,0,0,0
2019-07-26 00:00:00,20,183,Fri,Jul,0,0,0,0
2019-07-26 00:00:00,21,170,Fri,Jul,0,0,0,0
2019-07-26 00:00:00,22,126,Fri,Jul,7,29,0,0
2019-07-26 00:00:00,23,104,Fri,Jul,7,205,0,0
2019-07-27 00:00:00,0,67,Sat,Jul,0,0,0,0
2019-07-27 00:00:00,1,37,Sat,Jul,0,0,0,0
2019-07-27 00:00:00,2,24,Sat,Jul,0,0,0,0
2019-07-27 00:00:00,3,21,Sat,Jul,0,0,0,0
2019-07-27 00:00:00,4,16,Sat,Jul,0,0,0,0
2019-07-27 00:00:00,5,12,Sat,Jul,0,0,0,0
2019-07-27 00:00:00,6,44,Sat,Jul,0,0,0,0
2019-07-27 00:00:00,7,90,Sat,Jul,0,0,0,0
2019-07-27 00:00:00,8,146,Sat,Jul,0,0,0,0
2019-07-27 00:00:00,9,195,Sat,Jul,0,0,0,0
2019-07-27 00:00:00,10,274,Sat,Jul,0,0,0,0
2019-07-27 00:00:00,11,280,Sat,Jul,0,0,0,0
2019-07-27 00:00:00,12,292,Sat,Jul,4,79,1,0
2019-07-27 00:00:00,13,244,Sat,Jul,0,0,0,0
2019-07-27 00:00:00,14,220,Sat,Jul,5,90,0,0
2019-07-27 00:00:00,15,225,Sat,Jul,3,43,0,0
2019-07-27 00:00:00,16,237,Sat,Jul,15,133,0,0
2019-07-27 00:00:00,17,197,Sat,Jul,13,149,0,0
2019-07-27 00:00:00,18,170,Sat,Jul,9,73,2,26
2019-07-27 00:00:00,19,140,Sat,Jul,0,0,33,794
2019-07-27 00:00:00,20,146,Sat,Jul,0,0,10,134
2019-07-27 00:00:00,21,123,Sat,Jul,0,0,1,39
2019-07-27 00:00:00,22,125,Sat,Jul,0,0,0,0
2019-07-27 00:00:00,23,85,Sat,Jul,0,0,0,0
2019-07-28 00:00:00,0,58,Sun,Jul,0,0,0,0
2019-07-28 00:00:00,1,44,Sun,Jul,0,0,0,0
2019-07-28 00:00:00,2,29,Sun,Jul,0,0,0,0
2019-07-28 00:00:00,3,13,Sun,Jul,0,0,0,0
2019-07-28 00:00:00,4,13,Sun,Jul,0,0,0,0
2019-07-28 00:00:00,5,12,Sun,Jul,0,0,0,0
2019-07-28 00:00:00,6,26,Sun,Jul,0,0,0,0
2019-07-28 00:00:00,7,55,Sun,Jul,0,0,0,0
2019-07-28 00:00:00,8,135,Sun,Jul,0,0,0,0
2019-07-28 00:00:00,9,196,Sun,Jul,0,0,0,0
2019-07-28 00:00:00,10,260,Sun,Jul,0,0,0,0
2019-07-28 00:00:00,11,289,Sun,Jul,0,0,0,0
2019-07-28 00:00:00,12,245,Sun,Jul,0,0,0,0
2019-07-28 00:00:00,13,223,Sun,Jul,0,0,0,0
2019-07-28 00:00:00,14,248,Sun,Jul,0,0,0,0
2019-07-28 00:00:00,15,245,Sun,Jul,0,37,0,0
2019-07-28 00:00:00,16,217,Sun,Jul,9,265,5,29
2019-07-28 00:00:00,17,235,Sun,Jul,6,217,0,0
2019-07-28 00:00:00,18,214,Sun,Jul,3,38,38,1626
2019-07-28 00:00:00,19,221,Sun,Jul,0,0,0,0
2019-07-28 00:00:00,20,210,Sun,Jul,49,2898,0,0
2019-07-28 00:00:00,21,175,Sun,Jul,0,0,19,1599
2019-07-28 00:00:00,22,172,Sun,Jul,0,0,1,37
2019-07-28 00:00:00,23,111,Sun,Jul,0,0,0,0
2019-07-29 00:00:00,0,41,Mon,Jul,0,0,0,0
2019-07-29 00:00:00,1,45,Mon,Jul,0,0,0,0
2019-07-29 00:00:00,2,28,Mon,Jul,0,0,0,0
2019-07-29 00:00:00,3,14,Mon,Jul,0,0,0,0
2019-07-29 00:00:00,4,11,Mon,Jul,0,0,0,0
2019-07-29 00:00:00,5,14,Mon,Jul,0,0,0,0
2019-07-29 00:00:00,6,46,Mon,Jul,0,0,0,0
2019-07-29 00:00:00,7,68,Mon,Jul,0,0,0,0
2019-07-29 00:00:00,8,105,Mon,Jul,0,0,0,0
2019-07-29 00:00:00,9,198,Mon,Jul,0,0,0,0
2019-07-29 00:00:00,10,257,Mon,Jul,8,239,0,0
2019-07-29 00:00:00,11,225,Mon,Jul,0,0,0,0
2019-07-29 00:00:00,12,290,Mon,Jul,0,0,8,203
2019-07-29 00:00:00,13,275,Mon,Jul,0,0,0,0
2019-07-29 00:00:00,14,236,Mon,Jul,0,0,0,0
2019-07-29 00:00:00,15,317,Mon,Jul,1,29,0,0
2019-07-29 00:00:00,16,285,Mon,Jul,24,364,0,0
2019-07-29 00:00:00,17,161,Mon,Jul,0,0,0,0
2019-07-29 00:00:00,18,139,Mon,Jul,15,745,54,2993
2019-07-29 00:00:00,19,156,Mon,Jul,22,390,0,0
2019-07-29 00:00:00,20,167,Mon,Jul,0,0,0,0
2019-07-29 00:00:00,21,210,Mon,Jul,40,4123,0,0
2019-07-29 00:00:00,22,117,Mon,Jul,0,0,18,426
2019-07-29 00:00:00,23,70,Mon,Jul,0,0,0,0
2019-07-30 00:00:00,0,49,Tue,Jul,0,0,0,0
2019-07-30 00:00:00,1,24,Tue,Jul,0,0,0,0
2019-07-30 00:00:00,2,15,Tue,Jul,0,0,0,0
2019-07-30 00:00:00,3,14,Tue,Jul,0,0,0,0
2019-07-30 00:00:00,4,10,Tue,Jul,0,0,0,0
2019-07-30 00:00:00,5,25,Tue,Jul,0,0,0,0
2019-07-30 00:00:00,6,28,Tue,Jul,0,0,0,0
2019-07-30 00:00:00,7,55,Tue,Jul,0,0,0,0
2019-07-30 00:00:00,8,98,Tue,Jul,0,0,0,0
2019-07-30 00:00:00,9,159,Tue,Jul,0,0,0,0
2019-07-30 00:00:00,10,203,Tue,Jul,10,239,0,0
2019-07-30 00:00:00,11,198,Tue,Jul,0,0,0,0
2019-07-30 00:00:00,12,216,Tue,Jul,0,0,0,0
2019-07-30 00:00:00,13,235,Tue,Jul,0,0,0,0
2019-07-30 00:00:00,14,207,Tue,Jul,0,0,2,203
2019-07-30 00:00:00,15,192,Tue,Jul,0,0,0,0
2019-07-30 00:00:00,16,261,Tue,Jul,0,0,0,0
2019-07-30 00:00:00,17,167,Tue,Jul,0,0,0,0
2019-07-30 00:00:00,18,184,Tue,Jul,0,0,26,1279
2019-07-30 00:00:00,19,164,Tue,Jul,0,0,0,0
2019-07-30 00:00:00,20,185,Tue,Jul,9,324,0,0
2019-07-30 00:00:00,21,186,Tue,Jul,0,0,53,2421
2019-07-30 00:00:00,22,144,Tue,Jul,0,0,0,0
2019-07-30 00:00:00,23,68,Tue,Jul,2,115,0,0
2019-07-31 00:00:00,0,45,Wed,Jul,0,0,0,0
2019-07-31 00:00:00,1,37,Wed,Jul,0,0,0,0
2019-07-31 00:00:00,2,25,Wed,Jul,0,0,0,0
2019-07-31 00:00:00,3,6,Wed,Jul,0,0,0,0
2019-07-31 00:00:00,4,13,Wed,Jul,0,0,0,0
2019-07-31 00:00:00,5,24,Wed,Jul,0,0,0,0
2019-07-31 00:00:00,6,24,Wed,Jul,8,198,0,0
2019-07-31 00:00:00,7,66,Wed,Jul,0,0,0,0
2019-07-31 00:00:00,8,108,Wed,Jul,0,0,0,0
2019-07-31 00:00:00,9,206,Wed,Jul,0,0,0,0
2019-07-31 00:00:00,10,182,Wed,Jul,0,0,0,0
2019-07-31 00:00:00,11,174,Wed,Jul,0,0,0,0
2019-07-31 00:00:00,12,189,Wed,Jul,0,0,0,0
2019-07-31 00:00:00,13,172,Wed,Jul,0,0,0,0
2019-07-31 00:00:00,14,174,Wed,Jul,0,0,0,0
2019-07-31 00:00:00,15,164,Wed,Jul,0,0,0,0
2019-07-31 00:00:00,16,204,Wed,Jul,0,0,0,0
2019-07-31 00:00:00,17,162,Wed,Jul,0,0,27,1278
2019-07-31 00:00:00,18,152,Wed,Jul,0,0,0,0
2019-07-31 00:00:00,19,174,Wed,Jul,5,296,9,144
2019-07-31 00:00:00,20,141,Wed,Jul,0,0,0,0
2019-07-31 00:00:00,21,137,Wed,Jul,11,496,0,0
2019-07-31 00:00:00,22,120,Wed,Jul,6,219,11,216
2019-07-31 00:00:00,23,55,Wed,Jul,0,55,0,0
2019-08-01 00:00:00,0,39,Thu,Aug,0,0,0,0
2019-08-01 00:00:00,1,33,Thu,Aug,0,0,0,0
2019-08-01 00:00:00,2,19,Thu,Aug,0,0,0,0
2019-08-01 00:00:00,3,10,Thu,Aug,0,0,0,0
2019-08-01 00:00:00,4,4,Thu,Aug,0,0,0,0
2019-08-01 00:00:00,5,13,Thu,Aug,0,0,0,0
2019-08-01 00:00:00,6,32,Thu,Aug,0,0,0,0
2019-08-01 00:00:00,7,69,Thu,Aug,0,0,0,0
2019-08-01 00:00:00,8,103,Thu,Aug,0,0,2,17
2019-08-01 00:00:00,9,160,Thu,Aug,0,0,0,0
2019-08-01 00:00:00,10,179,Thu,Aug,0,7,0,0
2019-08-01 00:00:00,11,199,Thu,Aug,0,0,0,0
2019-08-01 00:00:00,12,162,Thu,Aug,0,0,0,0
2019-08-01 00:00:00,13,171,Thu,Aug,0,0,10,203
2019-08-01 00:00:00,14,190,Thu,Aug,0,0,0,0
2019-08-01 00:00:00,15,227,Thu,Aug,0,0,6,73
2019-08-01 00:00:00,16,191,Thu,Aug,2,130,0,0
2019-08-01 00:00:00,17,153,Thu,Aug,0,0,0,0
2019-08-01 00:00:00,18,152,Thu,Aug,0,0,0,0
2019-08-01 00:00:00,19,174,Thu,Aug,0,0,0,0
2019-08-01 00:00:00,20,177,Thu,Aug,0,0,0,0
2019-08-01 00:00:00,21,140,Thu,Aug,0,0,0,0
2019-08-01 00:00:00,22,102,Thu,Aug,0,0,2,112
2019-08-01 00:00:00,23,84,Thu,Aug,0,0,13,508
2019-08-02 00:00:00,0,37,Fri,Aug,0,0,0,0
2019-08-02 00:00:00,1,38,Fri,Aug,0,0,0,0
2019-08-02 00:00:00,2,15,Fri,Aug,0,0,0,0
2019-08-02 00:00:00,3,18,Fri,Aug,0,0,0,0
2019-08-02 00:00:00,4,18,Fri,Aug,0,0,0,0
2019-08-02 00:00:00,5,25,Fri,Aug,0,0,0,0
2019-08-02 00:00:00,6,34,Fri,Aug,0,0,0,0
2019-08-02 00:00:00,7,54,Fri,Aug,0,0,0,0
2019-08-02 00:00:00,8,113,Fri,Aug,0,0,0,0
2019-08-02 00:00:00,9,147,Fri,Aug,0,0,0,0
2019-08-02 00:00:00,10,183,Fri,Aug,0,0,0,0
2019-08-02 00:00:00,11,201,Fri,Aug,0,0,0,0
2019-08-02 00:00:00,12,189,Fri,Aug,0,0,0,0
2019-08-02 00:00:00,13,204,Fri,Aug,0,0,0,0
2019-08-02 00:00:00,14,154,Fri,Aug,0,0,0,0
2019-08-02 00:00:00,15,191,Fri,Aug,6,210,0,0
2019-08-02 00:00:00,16,196,Fri,Aug,0,0,0,0
2019-08-02 00:00:00,17,143,Fri,Aug,0,0,0,0
2019-08-02 00:00:00,18,124,Fri,Aug,0,0,0,0
2019-08-02 00:00:00,19,139,Fri,Aug,0,0,0,0
2019-08-02 00:00:00,20,101,Fri,Aug,0,0,0,0
2019-08-02 00:00:00,21,126,Fri,Aug,0,0,0,0
2019-08-02 00:00:00,22,138,Fri,Aug,29,408,0,0
2019-08-02 00:00:00,23,70,Fri,Aug,5,205,0,0
2019-08-03 00:00:00,0,52,Sat,Aug,0,0,0,0
2019-08-03 00:00:00,1,31,Sat,Aug,0,0,0,0
2019-08-03 00:00:00,2,12,Sat,Aug,0,0,0,0
2019-08-03 00:00:00,3,13,Sat,Aug,0,0,0,0
2019-08-03 00:00:00,4,13,Sat,Aug,0,0,0,0
2019-08-03 00:00:00,5,15,Sat,Aug,0,0,0,0
2019-08-03 00:00:00,6,33,Sat,Aug,0,0,0,0
2019-08-03 00:00:00,7,55,Sat,Aug,3,158,0,0
2019-08-03 00:00:00,8,153,Sat,Aug,0,0,0,0
2019-08-03 00:00:00,9,163,Sat,Aug,0,0,0,0
2019-08-03 00:00:00,10,186,Sat,Aug,0,0,0,0
2019-08-03 00:00:00,11,222,Sat,Aug,0,0,0,0
2019-08-03 00:00:00,12,217,Sat,Aug,0,0,0,0
2019-08-03 00:00:00,13,209,Sat,Aug,0,0,0,0
2019-08-03 00:00:00,14,160,Sat,Aug,10,94,0,0
2019-08-03 00:00:00,15,168,Sat,Aug,6,47,0,0
2019-08-03 00:00:00,16,222,Sat,Aug,0,0,0,0
2019-08-03 00:00:00,17,135,Sat,Aug,0,0,0,0
2019-08-03 00:00:00,18,121,Sat,Aug,2,106,2,26
2019-08-03 00:00:00,19,121,Sat,Aug,0,0,0,0
2019-08-03 00:00:00,20,129,Sat,Aug,0,0,10,36
2019-08-03 00:00:00,21,118,Sat,Aug,0,0,0,0
2019-08-03 00:00:00,22,108,Sat,Aug,0,0,30,1108
2019-08-03 00:00:00,23,92,Sat,Aug,0,0,0,0
2019-08-04 00:00:00,0,46,Sun,Aug,0,0,0,0
2019-08-04 00:00:00,1,47,Sun,Aug,0,0,0,0
2019-08-04 00:00:00,2,21,Sun,Aug,0,0,0,0
2019-08-04 00:00:00,3,8,Sun,Aug,0,0,0,0
2019-08-04 00:00:00,4,16,Sun,Aug,0,0,0,0
2019-08-04 00:00:00,5,16,Sun,Aug,0,0,0,0
2019-08-04 00:00:00,6,30,Sun,Aug,0,0,0,0
2019-08-04 00:00:00,7,65,Sun,Aug,0,0,0,0
2019-08-04 00:00:00,8,114,Sun,Aug,0,0,0,0
2019-08-04 00:00:00,9,149,Sun,Aug,0,0,0,0
2019-08-04 00:00:00,10,206,Sun,Aug,0,0,0,0
2019-08-04 00:00:00,11,218,Sun,Aug,12,155,0,0
2019-08-04 00:00:00,12,215,Sun,Aug,4,79,1,29
2019-08-04 00:00:00,13,211,Sun,Aug,0,0,0,0
2019-08-04 00:00:00,14,189,Sun,Aug,0,0,8,167
2019-08-04 00:00:00,15,243,Sun,Aug,20,214,6,247
2019-08-04 00:00:00,16,236,Sun,Aug,2,96,9,144
2019-08-04 00:00:00,17,159,Sun,Aug,29,646,0,0
2019-08-04 00:00:00,18,168,Sun,Aug,2,46,27,1322
2019-08-04 00:00:00,19,171,Sun,Aug,0,0,0,0
2019-08-04 00:00:00,20,144,Sun,Aug,0,0,0,0
2019-08-04 00:00:00,21,138,Sun,Aug,14,898,0,0
2019-08-04 00:00:00,22,98,Sun,Aug,0,0,5,109
2019-08-04 00:00:00,23,92,Sun,Aug,0,0,0,0
2019-08-05 00:00:00,0,47,Mon,Aug,0,0,0,0
2019-08-05 00:00:00,1,30,Mon,Aug,0,0,0,0
2019-08-05 00:00:00,2,20,Mon,Aug,0,0,0,0
2019-08-05 00:00:00,3,20,Mon,Aug,0,0,0,0
2019-08-05 00:00:00,4,24,Mon,Aug,0,0,0,0
2019-08-05 00:00:00,5,18,Mon,Aug,0,0,0,0
2019-08-05 00:00:00,6,37,Mon,Aug,17,406,0,0
2019-08-05 00:00:00,7,62,Mon,Aug,0,0,0,0
2019-08-05 00:00:00,8,109,Mon,Aug,0,0,0,0
2019-08-05 00:00:00,9,215,Mon,Aug,0,0,0,0
2019-08-05 00:00:00,10,266,Mon,Aug,0,0,0,0
2019-08-05 00:00:00,11,232,Mon,Aug,5,239,0,0
2019-08-05 00:00:00,12,218,Mon,Aug,0,0,20,290
2019-08-05 00:00:00,13,210,Mon,Aug,21,258,0,0
2019-08-05 00:00:00,14,228,Mon,Aug,4,147,0,0
2019-08-05 00:00:00,15,217,Mon,Aug,0,0,9,364
2019-08-05 00:00:00,16,219,Mon,Aug,9,364,0,0
2019-08-05 00:00:00,17,187,Mon,Aug,61,1807,11,169
2019-08-05 00:00:00,18,155,Mon,Aug,0,0,0,0
2019-08-05 00:00:00,19,188,Mon,Aug,18,305,23,209
2019-08-05 00:00:00,20,189,Mon,Aug,0,0,127,3298
2019-08-05 00:00:00,21,155,Mon,Aug,0,0,0,0
2019-08-05 00:00:00,22,127,Mon,Aug,8,215,28,3453
2019-08-05 00:00:00,23,83,Mon,Aug,3,284,0,0
2019-08-06 00:00:00,0,40,Tue,Aug,0,0,0,0
2019-08-06 00:00:00,1,43,Tue,Aug,0,0,0,0
2019-08-06 00:00:00,2,20,Tue,Aug,0,0,0,0
2019-08-06 00:00:00,3,14,Tue,Aug,0,0,0,0
2019-08-06 00:00:00,4,9,Tue,Aug,0,0,0,0
2019-08-06 00:00:00,5,14,Tue,Aug,0,0,0,0
2019-08-06 00:00:00,6,49,Tue,Aug,0,0,0,0
2019-08-06 00:00:00,7,83,Tue,Aug,20,130,0,0
2019-08-06 00:00:00,8,116,Tue,Aug,0,0,0,0
2019-08-06 00:00:00,9,152,Tue,Aug,0,0,0,0
2019-08-06 00:00:00,10,205,Tue,Aug,1,185,0,0
2019-08-06 00:00:00,11,171,Tue,Aug,9,479,0,0
2019-08-06 00:00:00,12,220,Tue,Aug,8,333,0,0
2019-08-06 00:00:00,13,203,Tue,Aug,0,0,8,87
2019-08-06 00:00:00,14,199,Tue,Aug,4,136,3,80
2019-08-06 00:00:00,15,190,Tue,Aug,0,0,8,291
2019-08-06 00:00:00,16,203,Tue,Aug,5,46,0,0
2019-08-06 00:00:00,17,145,Tue,Aug,4,54,0,0
2019-08-06 00:00:00,18,155,Tue,Aug,0,0,29,1279
2019-08-06 00:00:00,19,135,Tue,Aug,0,0,4,62
2019-08-06 00:00:00,20,151,Tue,Aug,0,0,118,3458
2019-08-06 00:00:00,21,154,Tue,Aug,0,0,0,0
2019-08-06 00:00:00,22,112,Tue,Aug,0,0,0,0
2019-08-06 00:00:00,23,82,Tue,Aug,0,0,0,0
2019-08-07 00:00:00,0,41,Wed,Aug,0,0,0,0
2019-08-07 00:00:00,1,26,Wed,Aug,0,0,0,0
2019-08-07 00:00:00,2,18,Wed,Aug,0,0,0,0
2019-08-07 00:00:00,3,11,Wed,Aug,0,0,0,0
2019-08-07 00:00:00,4,16,Wed,Aug,0,0,0,0
2019-08-07 00:00:00,5,25,Wed,Aug,0,0,0,0
2019-08-07 00:00:00,6,29,Wed,Aug,0,0,0,0
2019-08-07 00:00:00,7,78,Wed,Aug,0,0,0,0
2019-08-07 00:00:00,8,93,Wed,Aug,0,0,0,0
2019-08-07 00:00:00,9,133,Wed,Aug,0,0,0,0
2019-08-07 00:00:00,10,219,Wed,Aug,9,239,0,0
2019-08-07 00:00:00,11,238,Wed,Aug,0,0,0,0
2019-08-07 00:00:00,12,212,Wed,Aug,15,258,3,87
2019-08-07 00:00:00,13,184,Wed,Aug,0,0,5,98
2019-08-07 00:00:00,14,148,Wed,Aug,0,0,0,0
2019-08-07 00:00:00,15,169,Wed,Aug,10,258,1,21
2019-08-07 00:00:00,16,184,Wed,Aug,4,267,0,0
2019-08-07 00:00:00,17,148,Wed,Aug,9,54,0,0
2019-08-07 00:00:00,18,162,Wed,Aug,14,193,30,959
2019-08-07 00:00:00,19,114,Wed,Aug,14,393,0,0
2019-08-07 00:00:00,20,143,Wed,Aug,0,0,90,4795
2019-08-07 00:00:00,21,123,Wed,Aug,0,0,0,0
2019-08-07 00:00:00,22,112,Wed,Aug,0,124,0,0
2019-08-07 00:00:00,23,67,Wed,Aug,9,530,0,0
2019-08-08 00:00:00,0,45,Thu,Aug,0,0,0,0
2019-08-08 00:00:00,1,31,Thu,Aug,0,0,0,0
2019-08-08 00:00:00,2,8,Thu,Aug,0,0,0,0
2019-08-08 00:00:00,3,15,Thu,Aug,0,0,0,0
2019-08-08 00:00:00,4,10,Thu,Aug,0,0,0,0
2019-08-08 00:00:00,5,17,Thu,Aug,0,0,0,0
2019-08-08 00:00:00,6,40,Thu,Aug,0,0,0,0
2019-08-08 00:00:00,7,73,Thu,Aug,0,0,0,0
2019-08-08 00:00:00,8,107,Thu,Aug,8,130,0,0
2019-08-08 00:00:00,9,143,Thu,Aug,0,0,0,0
2019-08-08 00:00:00,10,171,Thu,Aug,0,0,0,0
2019-08-08 00:00:00,11,163,Thu,Aug,0,0,0,0
2019-08-08 00:00:00,12,220,Thu,Aug,0,0,0,0
2019-08-08 00:00:00,13,167,Thu,Aug,0,0,0,0
2019-08-08 00:00:00,14,176,Thu,Aug,5,208,0,0
2019-08-08 00:00:00,15,172,Thu,Aug,11,203,5,240
2019-08-08 00:00:00,16,213,Thu,Aug,0,0,0,0
2019-08-08 00:00:00,17,166,Thu,Aug,3,58,6,84
2019-08-08 00:00:00,18,128,Thu,Aug,0,0,86,2224
2019-08-08 00:00:00,19,127,Thu,Aug,53,3778,0,0
2019-08-08 00:00:00,20,146,Thu,Aug,90,4036,0,0
2019-08-08 00:00:00,21,132,Thu,Aug,0,0,0,0
2019-08-08 00:00:00,22,89,Thu,Aug,18,1875,0,0
2019-08-08 00:00:00,23,70,Thu,Aug,5,88,20,196
2019-08-09 00:00:00,0,38,Fri,Aug,0,0,0,0
2019-08-09 00:00:00,1,36,Fri,Aug,0,0,0,0
2019-08-09 00:00:00,2,28,Fri,Aug,0,0,0,0
2019-08-09 00:00:00,3,28,Fri,Aug,0,0,0,0
2019-08-09 00:00:00,4,19,Fri,Aug,0,0,0,0
2019-08-09 00:00:00,5,18,Fri,Aug,0,0,0,0
2019-08-09 00:00:00,6,33,Fri,Aug,0,0,0,0
2019-08-09 00:00:00,7,63,Fri,Aug,0,0,0,0
2019-08-09 00:00:00,8,109,Fri,Aug,0,0,0,4
2019-08-09 00:00:00,9,196,Fri,Aug,0,0,0,0
2019-08-09 00:00:00,10,184,Fri,Aug,0,0,0,0
2019-08-09 00:00:00,11,220,Fri,Aug,0,0,0,0
2019-08-09 00:00:00,12,251,Fri,Aug,0,0,8,203
2019-08-09 00:00:00,13,210,Fri,Aug,0,0,0,7
2019-08-09 00:00:00,14,216,Fri,Aug,0,0,0,0
2019-08-09 00:00:00,15,192,Fri,Aug,15,301,0,73
2019-08-09 00:00:00,16,208,Fri,Aug,10,79,1,14
2019-08-09 00:00:00,17,169,Fri,Aug,0,0,32,0
2019-08-09 00:00:00,18,142,Fri,Aug,24,786,22,885
2019-08-09 00:00:00,19,146,Fri,Aug,0,0,1,43
2019-08-09 00:00:00,20,130,Fri,Aug,0,0,0,0
2019-08-09 00:00:00,21,129,Fri,Aug,0,0,68,2557
2019-08-09 00:00:00,22,83,Fri,Aug,0,0,0,0
2019-08-09 00:00:00,23,74,Fri,Aug,0,49,2,21
2019-08-10 00:00:00,0,43,Sat,Aug,0,0,0,0
2019-08-10 00:00:00,1,25,Sat,Aug,0,0,0,0
2019-08-10 00:00:00,2,20,Sat,Aug,0,0,0,0
2019-08-10 00:00:00,3,6,Sat,Aug,0,0,0,0
2019-08-10 00:00:00,4,7,Sat,Aug,0,0,0,0
2019-08-10 00:00:00,5,17,Sat,Aug,0,0,0,0
2019-08-10 00:00:00,6,24,Sat,Aug,0,0,0,0
2019-08-10 00:00:00,7,58,Sat,Aug,0,0,0,0
2019-08-10 00:00:00,8,137,Sat,Aug,0,0,0,0
2019-08-10 00:00:00,9,170,Sat,Aug,0,0,0,0
2019-08-10 00:00:00,10,209,Sat,Aug,7,150,0,0
2019-08-10 00:00:00,11,270,Sat,Aug,0,0,2,14
2019-08-10 00:00:00,12,231,Sat,Aug,0,0,0,0
2019-08-10 00:00:00,13,188,Sat,Aug,0,0,0,0
2019-08-10 00:00:00,14,183,Sat,Aug,8,134,2,29
2019-08-10 00:00:00,15,246,Sat,Aug,0,0,0,0
2019-08-10 00:00:00,16,221,Sat,Aug,21,161,9,102
2019-08-10 00:00:00,17,148,Sat,Aug,38,995,18,145
2019-08-10 00:00:00,18,125,Sat,Aug,1,79,17,280
2019-08-10 00:00:00,19,141,Sat,Aug,0,0,0,0
2019-08-10 00:00:00,20,107,Sat,Aug,0,0,33,700
2019-08-10 00:00:00,21,115,Sat,Aug,0,0,9,75
2019-08-10 00:00:00,22,80,Sat,Aug,2,24,0,0
2019-08-10 00:00:00,23,102,Sat,Aug,1,35,0,0
2019-08-11 00:00:00,0,58,Sun,Aug,0,0,0,0
2019-08-11 00:00:00,1,31,Sun,Aug,0,0,0,0
2019-08-11 00:00:00,2,25,Sun,Aug,0,0,0,0
2019-08-11 00:00:00,3,17,Sun,Aug,0,0,0,0
2019-08-11 00:00:00,4,10,Sun,Aug,0,0,0,0
2019-08-11 00:00:00,5,17,Sun,Aug,0,0,0,0
2019-08-11 00:00:00,6,25,Sun,Aug,0,0,0,0
2019-08-11 00:00:00,7,56,Sun,Aug,0,0,0,0
2019-08-11 00:00:00,8,113,Sun,Aug,0,0,0,0
2019-08-11 00:00:00,9,127,Sun,Aug,0,0,0,0
2019-08-11 00:00:00,10,233,Sun,Aug,0,0,0,0
2019-08-11 00:00:00,11,226,Sun,Aug,0,0,0,0
2019-08-11 00:00:00,12,256,Sun,Aug,5,102,0,0
2019-08-11 00:00:00,13,228,Sun,Aug,0,0,0,0
2019-08-11 00:00:00,14,263,Sun,Aug,0,0,10,291
2019-08-11 00:00:00,15,219,Sun,Aug,0,0,0,0
2019-08-11 00:00:00,16,217,Sun,Aug,22,196,5,131
2019-08-11 00:00:00,17,156,Sun,Aug,39,770,0,0
2019-08-11 00:00:00,18,144,Sun,Aug,0,0,5,125
2019-08-11 00:00:00,19,139,Sun,Aug,0,0,19,378
2019-08-11 00:00:00,20,150,Sun,Aug,92,5788,0,0
2019-08-11 00:00:00,21,159,Sun,Aug,0,0,5,156
2019-08-11 00:00:00,22,116,Sun,Aug,0,0,0,0
2019-08-11 00:00:00,23,72,Sun,Aug,0,0,0,0
2019-08-12 00:00:00,0,44,Mon,Aug,0,0,0,0
2019-08-12 00:00:00,1,22,Mon,Aug,0,0,0,0
2019-08-12 00:00:00,2,13,Mon,Aug,0,0,0,0
2019-08-12 00:00:00,3,16,Mon,Aug,0,0,0,0
2019-08-12 00:00:00,4,14,Mon,Aug,0,0,0,0
2019-08-12 00:00:00,5,16,Mon,Aug,0,0,0,0
2019-08-12 00:00:00,6,49,Mon,Aug,0,0,0,0
2019-08-12 00:00:00,7,85,Mon,Aug,0,0,0,0
2019-08-12 00:00:00,8,130,Mon,Aug,0,0,0,0
2019-08-12 00:00:00,9,234,Mon,Aug,0,0,0,0
2019-08-12 00:00:00,10,251,Mon,Aug,16,375,0,0
2019-08-12 00:00:00,11,254,Mon,Aug,10,295,0,0
2019-08-12 00:00:00,12,275,Mon,Aug,0,0,8,247
2019-08-12 00:00:00,13,260,Mon,Aug,16,264,1,28
2019-08-12 00:00:00,14,227,Mon,Aug,0,0,9,174
2019-08-12 00:00:00,15,174,Mon,Aug,0,0,15,291
2019-08-12 00:00:00,16,253,Mon,Aug,15,325,9,162
2019-08-12 00:00:00,17,163,Mon,Aug,60,1078,22,1278
2019-08-12 00:00:00,18,169,Mon,Aug,0,0,32,959
2019-08-12 00:00:00,19,174,Mon,Aug,52,1994,24,368
2019-08-12 00:00:00,20,169,Mon,Aug,2,85,10,78
2019-08-12 00:00:00,21,191,Mon,Aug,0,0,0,0
2019-08-12 00:00:00,22,116,Mon,Aug,17,247,0,0
2019-08-12 00:00:00,23,58,Mon,Aug,8,283,0,0
2019-08-13 00:00:00,0,36,Tue,Aug,0,0,0,0
2019-08-13 00:00:00,1,39,Tue,Aug,0,0,0,0
2019-08-13 00:00:00,2,20,Tue,Aug,0,0,0,0
2019-08-13 00:00:00,3,11,Tue,Aug,0,0,0,0
2019-08-13 00:00:00,4,11,Tue,Aug,0,0,0,0
2019-08-13 00:00:00,5,17,Tue,Aug,0,0,0,0
2019-08-13 00:00:00,6,35,Tue,Aug,0,0,0,0
2019-08-13 00:00:00,7,67,Tue,Aug,0,0,0,0
2019-08-13 00:00:00,8,102,Tue,Aug,0,0,0,0
2019-08-13 00:00:00,9,188,Tue,Aug,0,0,0,0
2019-08-13 00:00:00,10,194,Tue,Aug,0,0,0,0
2019-08-13 00:00:00,11,220,Tue,Aug,8,169,0,0
2019-08-13 00:00:00,12,204,Tue,Aug,0,0,4,160
2019-08-13 00:00:00,13,217,Tue,Aug,0,0,0,0
2019-08-13 00:00:00,14,247,Tue,Aug,0,0,3,80
2019-08-13 00:00:00,15,175,Tue,Aug,0,0,12,291
2019-08-13 00:00:00,16,269,Tue,Aug,0,0,0,0
2019-08-13 00:00:00,17,127,Tue,Aug,5,53,0,0
2019-08-13 00:00:00,18,142,Tue,Aug,12,128,37,1598
2019-08-13 00:00:00,19,170,Tue,Aug,0,0,6,50
2019-08-13 00:00:00,20,175,Tue,Aug,0,0,107,3357
2019-08-13 00:00:00,21,160,Tue,Aug,63,2568,18,166
2019-08-13 00:00:00,22,123,Tue,Aug,6,124,0,0
2019-08-13 00:00:00,23,64,Tue,Aug,0,0,0,0
2019-08-14 00:00:00,0,50,Wed,Aug,0,0,0,0
2019-08-14 00:00:00,1,23,Wed,Aug,0,0,0,0
2019-08-14 00:00:00,2,32,Wed,Aug,0,0,0,0
2019-08-14 00:00:00,3,13,Wed,Aug,0,0,0,0
2019-08-14 00:00:00,4,10,Wed,Aug,0,0,0,0
2019-08-14 00:00:00,5,14,Wed,Aug,0,0,0,0
2019-08-14 00:00:00,6,40,Wed,Aug,0,0,0,0
2019-08-14 00:00:00,7,60,Wed,Aug,0,0,0,0
2019-08-14 00:00:00,8,120,Wed,Aug,0,0,0,0
2019-08-14 00:00:00,9,223,Wed,Aug,0,0,0,0
2019-08-14 00:00:00,10,251,Wed,Aug,0,0,0,0
2019-08-14 00:00:00,11,290,Wed,Aug,3,41,0,0
2019-08-14 00:00:00,12,263,Wed,Aug,0,0,5,87
2019-08-14 00:00:00,13,292,Wed,Aug,0,0,8,283
2019-08-14 00:00:00,14,210,Wed,Aug,0,0,7,87
2019-08-14 00:00:00,15,254,Wed,Aug,7,49,0,0
2019-08-14 00:00:00,16,219,Wed,Aug,0,0,0,0
2019-08-14 00:00:00,17,206,Wed,Aug,31,823,46,1278
2019-08-14 00:00:00,18,183,Wed,Aug,0,0,46,2238
2019-08-14 00:00:00,19,181,Wed,Aug,2,45,37,639
2019-08-14 00:00:00,20,203,Wed,Aug,7,130,16,442
2019-08-14 00:00:00,21,178,Wed,Aug,0,0,13,216
2019-08-14 00:00:00,22,137,Wed,Aug,0,0,0,0
2019-08-14 00:00:00,23,90,Wed,Aug,22,384,0,0
2019-08-15 00:00:00,0,40,Thu,Aug,0,0,0,0
2019-08-15 00:00:00,1,30,Thu,Aug,0,0,0,0
2019-08-15 00:00:00,2,20,Thu,Aug,0,0,0,0
2019-08-15 00:00:00,3,15,Thu,Aug,0,0,0,0
2019-08-15 00:00:00,4,8,Thu,Aug,0,0,0,0
2019-08-15 00:00:00,5,17,Thu,Aug,0,0,0,0
2019-08-15 00:00:00,6,32,Thu,Aug,0,0,0,0
2019-08-15 00:00:00,7,96,Thu,Aug,0,0,0,0
2019-08-15 00:00:00,8,101,Thu,Aug,0,0,0,0
2019-08-15 00:00:00,9,182,Thu,Aug,0,0,0,0
2019-08-15 00:00:00,10,220,Thu,Aug,0,0,1,29
2019-08-15 00:00:00,11,217,Thu,Aug,3,29,0,0
2019-08-15 00:00:00,12,274,Thu,Aug,0,0,9,203
2019-08-15 00:00:00,13,174,Thu,Aug,0,0,0,0
2019-08-15 00:00:00,14,249,Thu,Aug,0,0,8,320
2019-08-15 00:00:00,15,191,Thu,Aug,0,0,9,73
2019-08-15 00:00:00,16,190,Thu,Aug,0,23,0,0
2019-08-15 00:00:00,17,163,Thu,Aug,8,156,0,0
2019-08-15 00:00:00,18,146,Thu,Aug,72,2667,54,1794
2019-08-15 00:00:00,19,160,Thu,Aug,54,2616,10,171
2019-08-15 00:00:00,20,175,Thu,Aug,0,0,0,0
2019-08-15 00:00:00,21,178,Thu,Aug,69,2847,3,78
2019-08-15 00:00:00,22,128,Thu,Aug,0,0,0,72
2019-08-15 00:00:00,23,87,Thu,Aug,2,257,17,0
2019-08-16 00:00:00,0,42,Fri,Aug,0,0,0,0
2019-08-16 00:00:00,1,17,Fri,Aug,0,0,0,0
2019-08-16 00:00:00,2,11,Fri,Aug,0,0,0,0
2019-08-16 00:00:00,3,9,Fri,Aug,0,0,0,0
2019-08-16 00:00:00,4,12,Fri,Aug,0,0,0,0
2019-08-16 00:00:00,5,26,Fri,Aug,0,0,0,0
2019-08-16 00:00:00,6,54,Fri,Aug,0,0,0,0
2019-08-16 00:00:00,7,109,Fri,Aug,0,0,0,0
2019-08-16 00:00:00,8,126,Fri,Aug,0,0,0,0
2019-08-16 00:00:00,9,192,Fri,Aug,0,0,0,0
2019-08-16 00:00:00,10,172,Fri,Aug,0,0,0,0
2019-08-16 00:00:00,11,189,Fri,Aug,0,0,0,0
2019-08-16 00:00:00,12,229,Fri,Aug,8,164,7,87
2019-08-16 00:00:00,13,198,Fri,Aug,0,0,0,0
2019-08-16 00:00:00,14,169,Fri,Aug,0,0,18,260
2019-08-16 00:00:00,15,186,Fri,Aug,0,0,3,73
2019-08-16 00:00:00,16,211,Fri,Aug,9,78,0,0
2019-08-16 00:00:00,17,115,Fri,Aug,0,0,0,0
2019-08-16 00:00:00,18,130,Fri,Aug,2,37,9,122
2019-08-16 00:00:00,19,127,Fri,Aug,0,0,0,0
2019-08-16 00:00:00,20,130,Fri,Aug,0,0,33,1598
2019-08-16 00:00:00,21,91,Fri,Aug,0,0,0,0
2019-08-16 00:00:00,22,101,Fri,Aug,2,302,40,2797
2019-08-16 00:00:00,23,68,Fri,Aug,3,26,0,0
2019-08-17 00:00:00,0,67,Sat,Aug,0,0,0,0
2019-08-17 00:00:00,1,27,Sat,Aug,0,0,0,0
2019-08-17 00:00:00,2,9,Sat,Aug,0,0,0,0
2019-08-17 00:00:00,3,14,Sat,Aug,0,0,0,0
2019-08-17 00:00:00,4,18,Sat,Aug,0,0,0,0
2019-08-17 00:00:00,5,16,Sat,Aug,0,0,0,0
2019-08-17 00:00:00,6,18,Sat,Aug,0,0,0,0
2019-08-17 00:00:00,7,66,Sat,Aug,0,0,0,0
2019-08-17 00:00:00,8,106,Sat,Aug,0,0,10,34
2019-08-17 00:00:00,9,189,Sat,Aug,0,0,0,0
2019-08-17 00:00:00,10,240,Sat,Aug,0,0,0,0
2019-08-17 00:00:00,11,252,Sat,Aug,0,0,0,0
2019-08-17 00:00:00,12,176,Sat,Aug,0,0,2,131
2019-08-17 00:00:00,13,190,Sat,Aug,0,0,6,29
2019-08-17 00:00:00,14,200,Sat,Aug,0,0,0,0
2019-08-17 00:00:00,15,212,Sat,Aug,10,85,0,0
2019-08-17 00:00:00,16,180,Sat,Aug,8,84,6,290
2019-08-17 00:00:00,17,155,Sat,Aug,22,180,6,98
2019-08-17 00:00:00,18,126,Sat,Aug,11,79,66,2019
2019-08-17 00:00:00,19,121,Sat,Aug,0,0,4,160
2019-08-17 00:00:00,20,133,Sat,Aug,0,0,0,0
2019-08-17 00:00:00,21,138,Sat,Aug,0,0,0,0
2019-08-17 00:00:00,22,92,Sat,Aug,0,0,23,747
2019-08-17 00:00:00,23,64,Sat,Aug,1,37,0,16
2019-08-18 00:00:00,0,53,Sun,Aug,0,0,0,0
2019-08-18 00:00:00,1,29,Sun,Aug,0,0,0,0
2019-08-18 00:00:00,2,34,Sun,Aug,0,0,0,0
2019-08-18 00:00:00,3,14,Sun,Aug,0,0,0,0
2019-08-18 00:00:00,4,13,Sun,Aug,0,0,0,0
2019-08-18 00:00:00,5,16,Sun,Aug,0,0,0,0
2019-08-18 00:00:00,6,36,Sun,Aug,0,0,0,0
2019-08-18 00:00:00,7,69,Sun,Aug,0,0,0,0
2019-08-18 00:00:00,8,115,Sun,Aug,0,0,0,0
2019-08-18 00:00:00,9,157,Sun,Aug,23,568,0,0
2019-08-18 00:00:00,10,231,Sun,Aug,0,0,0,0
2019-08-18 00:00:00,11,243,Sun,Aug,0,0,0,0
2019-08-18 00:00:00,12,247,Sun,Aug,0,0,0,0
2019-08-18 00:00:00,13,203,Sun,Aug,0,0,6,131
2019-08-18 00:00:00,14,214,Sun,Aug,0,0,18,283
2019-08-18 00:00:00,15,191,Sun,Aug,5,73,0,0
2019-08-18 00:00:00,16,224,Sun,Aug,38,319,18,160
2019-08-18 00:00:00,17,194,Sun,Aug,27,675,0,0
2019-08-18 00:00:00,18,179,Sun,Aug,90,4266,0,0
2019-08-18 00:00:00,19,159,Sun,Aug,2,325,114,6116
2019-08-18 00:00:00,20,154,Sun,Aug,0,0,0,0
2019-08-18 00:00:00,21,147,Sun,Aug,0,0,0,0
2019-08-18 00:00:00,22,116,Sun,Aug,0,0,0,0
2019-08-18 00:00:00,23,75,Sun,Aug,0,0,0,0
2019-08-19 00:00:00,0,43,Mon,Aug,0,0,0,0
2019-08-19 00:00:00,1,42,Mon,Aug,0,0,0,0
2019-08-19 00:00:00,2,10,Mon,Aug,0,0,0,0
2019-08-19 00:00:00,3,15,Mon,Aug,0,0,0,0
2019-08-19 00:00:00,4,10,Mon,Aug,0,0,0,0
2019-08-19 00:00:00,5,19,Mon,Aug,0,0,0,0
2019-08-19 00:00:00,6,22,Mon,Aug,0,0,0,0
2019-08-19 00:00:00,7,83,Mon,Aug,0,0,0,0
2019-08-19 00:00:00,8,125,Mon,Aug,0,0,0,0
2019-08-19 00:00:00,9,193,Mon,Aug,0,0,0,0
2019-08-19 00:00:00,10,259,Mon,Aug,0,0,0,0
2019-08-19 00:00:00,11,233,Mon,Aug,10,486,0,0
2019-08-19 00:00:00,12,231,Mon,Aug,8,140,1,87
2019-08-19 00:00:00,13,276,Mon,Aug,11,264,0,0
2019-08-19 00:00:00,14,260,Mon,Aug,0,0,5,319
2019-08-19 00:00:00,15,225,Mon,Aug,0,0,9,371
2019-08-19 00:00:00,16,241,Mon,Aug,17,318,0,80
2019-08-19 00:00:00,17,259,Mon,Aug,0,0,8,112
2019-08-19 00:00:00,18,148,Mon,Aug,81,3374,9,36
2019-08-19 00:00:00,19,190,Mon,Aug,26,1420,0,0
2019-08-19 00:00:00,20,174,Mon,Aug,1,172,61,2238
2019-08-19 00:00:00,21,202,Mon,Aug,0,0,10,230
2019-08-19 00:00:00,22,129,Mon,Aug,0,0,0,0
2019-08-19 00:00:00,23,97,Mon,Aug,0,0,0,0
2019-08-20 00:00:00,0,54,Tue,Aug,0,0,0,0
2019-08-20 00:00:00,1,23,Tue,Aug,0,0,0,0
2019-08-20 00:00:00,2,20,Tue,Aug,0,0,0,0
2019-08-20 00:00:00,3,14,Tue,Aug,0,0,0,0
2019-08-20 00:00:00,4,13,Tue,Aug,0,0,0,0
2019-08-20 00:00:00,5,24,Tue,Aug,0,0,0,0
2019-08-20 00:00:00,6,37,Tue,Aug,0,0,0,0
2019-08-20 00:00:00,7,75,Tue,Aug,0,0,0,0
2019-08-20 00:00:00,8,102,Tue,Aug,0,0,0,0
2019-08-20 00:00:00,9,187,Tue,Aug,0,0,0,0
2019-08-20 00:00:00,10,240,Tue,Aug,1,7,0,0
2019-08-20 00:00:00,11,281,Tue,Aug,0,0,0,0
2019-08-20 00:00:00,12,286,Tue,Aug,0,0,0,0
2019-08-20 00:00:00,13,231,Tue,Aug,0,0,5,319
2019-08-20 00:00:00,14,191,Tue,Aug,0,0,0,0
2019-08-20 00:00:00,15,224,Tue,Aug,13,207,9,436
2019-08-20 00:00:00,16,254,Tue,Aug,2,45,0,0
2019-08-20 00:00:00,17,169,Tue,Aug,34,1078,0,0
2019-08-20 00:00:00,18,165,Tue,Aug,7,251,3,36
2019-08-20 00:00:00,19,196,Tue,Aug,14,513,4,78
2019-08-20 00:00:00,20,218,Tue,Aug,0,0,85,4636
2019-08-20 00:00:00,21,192,Tue,Aug,0,0,28,1119
2019-08-20 00:00:00,22,145,Tue,Aug,0,43,0,0
2019-08-20 00:00:00,23,84,Tue,Aug,0,0,0,0
2019-08-21 00:00:00,0,55,Wed,Aug,1,52,0,0
2019-08-21 00:00:00,1,38,Wed,Aug,0,0,0,0
2019-08-21 00:00:00,2,20,Wed,Aug,0,0,0,0
2019-08-21 00:00:00,3,16,Wed,Aug,0,0,0,0
2019-08-21 00:00:00,4,22,Wed,Aug,0,0,0,0
2019-08-21 00:00:00,5,21,Wed,Aug,0,0,0,0
2019-08-21 00:00:00,6,55,Wed,Aug,0,0,0,0
2019-08-21 00:00:00,7,117,Wed,Aug,0,0,0,0
2019-08-21 00:00:00,8,158,Wed,Aug,38,906,0,0
2019-08-21 00:00:00,9,229,Wed,Aug,0,0,0,0
2019-08-21 00:00:00,10,252,Wed,Aug,0,0,0,0
2019-08-21 00:00:00,11,338,Wed,Aug,0,0,0,0
2019-08-21 00:00:00,12,338,Wed,Aug,0,0,0,0
2019-08-21 00:00:00,13,290,Wed,Aug,0,0,12,406
2019-08-21 00:00:00,14,286,Wed,Aug,0,0,0,0
2019-08-21 00:00:00,15,248,Wed,Aug,0,0,0,0
2019-08-21 00:00:00,16,315,Wed,Aug,11,325,0,0
2019-08-21 00:00:00,17,234,Wed,Aug,0,0,49,1040
2019-08-21 00:00:00,18,189,Wed,Aug,0,0,18,413
2019-08-21 00:00:00,19,178,Wed,Aug,0,0,4,115
2019-08-21 00:00:00,20,235,Wed,Aug,6,162,19,120
2019-08-21 00:00:00,21,200,Wed,Aug,0,0,19,266
2019-08-21 00:00:00,22,139,Wed,Aug,0,0,15,216
2019-08-21 00:00:00,23,93,Wed,Aug,14,218,0,0
2019-08-22 00:00:00,0,54,Thu,Aug,0,0,0,0
2019-08-22 00:00:00,1,44,Thu,Aug,0,0,0,0
2019-08-22 00:00:00,2,28,Thu,Aug,0,0,0,0
2019-08-22 00:00:00,3,17,Thu,Aug,0,0,0,0
2019-08-22 00:00:00,4,13,Thu,Aug,0,0,0,0
2019-08-22 00:00:00,5,29,Thu,Aug,0,0,0,0
2019-08-22 00:00:00,6,58,Thu,Aug,0,0,0,0
2019-08-22 00:00:00,7,98,Thu,Aug,0,0,0,0
2019-08-22 00:00:00,8,103,Thu,Aug,0,0,0,0
2019-08-22 00:00:00,9,172,Thu,Aug,0,0,0,0
2019-08-22 00:00:00,10,202,Thu,Aug,7,244,0,0
2019-08-22 00:00:00,11,180,Thu,Aug,0,0,0,0
2019-08-22 00:00:00,12,222,Thu,Aug,0,0,0,0
2019-08-22 00:00:00,13,219,Thu,Aug,0,0,2,87
2019-08-22 00:00:00,14,188,Thu,Aug,0,0,11,160
2019-08-22 00:00:00,15,200,Thu,Aug,0,0,0,0
2019-08-22 00:00:00,16,208,Thu,Aug,0,0,0,0
2019-08-22 00:00:00,17,185,Thu,Aug,2,53,0,0
2019-08-22 00:00:00,18,166,Thu,Aug,17,207,38,1503
2019-08-22 00:00:00,19,183,Thu,Aug,31,1186,112,3517
2019-08-22 00:00:00,20,159,Thu,Aug,19,523,19,321
2019-08-22 00:00:00,21,216,Thu,Aug,5,220,45,1279
2019-08-22 00:00:00,22,157,Thu,Aug,3,101,0,0
2019-08-22 00:00:00,23,66,Thu,Aug,0,0,0,0
2019-08-23 00:00:00,0,51,Fri,Aug,0,0,0,0
2019-08-23 00:00:00,1,30,Fri,Aug,0,0,0,0
2019-08-23 00:00:00,2,22,Fri,Aug,0,0,0,0
2019-08-23 00:00:00,3,16,Fri,Aug,0,0,0,0
2019-08-23 00:00:00,4,11,Fri,Aug,0,0,0,0
2019-08-23 00:00:00,5,10,Fri,Aug,0,0,0,0
2019-08-23 00:00:00,6,24,Fri,Aug,21,662,0,0
2019-08-23 00:00:00,7,81,Fri,Aug,0,0,0,0
2019-08-23 00:00:00,8,117,Fri,Aug,17,415,0,0
2019-08-23 00:00:00,9,174,Fri,Aug,0,0,1,29
2019-08-23 00:00:00,10,202,Fri,Aug,0,0,0,0
2019-08-23 00:00:00,11,252,Fri,Aug,0,0,0,0
2019-08-23 00:00:00,12,203,Fri,Aug,0,0,12,203
2019-08-23 00:00:00,13,225,Fri,Aug,6,164,10,203
2019-08-23 00:00:00,14,189,Fri,Aug,0,0,0,80
2019-08-23 00:00:00,15,213,Fri,Aug,15,234,11,232
2019-08-23 00:00:00,16,246,Fri,Aug,3,45,0,0
2019-08-23 00:00:00,17,177,Fri,Aug,0,0,0,0
2019-08-23 00:00:00,18,128,Fri,Aug,24,1407,18,566
2019-08-23 00:00:00,19,147,Fri,Aug,53,3163,0,0
2019-08-23 00:00:00,20,155,Fri,Aug,1,373,3,0
2019-08-23 00:00:00,21,157,Fri,Aug,0,0,0,0
2019-08-23 00:00:00,22,114,Fri,Aug,0,0,16,1119
2019-08-23 00:00:00,23,87,Fri,Aug,0,55,0,0
2019-08-24 00:00:00,0,51,Sat,Aug,0,0,0,0
2019-08-24 00:00:00,1,28,Sat,Aug,0,0,0,0
2019-08-24 00:00:00,2,25,Sat,Aug,0,0,0,0
2019-08-24 00:00:00,3,20,Sat,Aug,0,0,0,0
2019-08-24 00:00:00,4,11,Sat,Aug,0,0,0,0
2019-08-24 00:00:00,5,17,Sat,Aug,0,0,0,0
2019-08-24 00:00:00,6,35,Sat,Aug,0,0,0,0
2019-08-24 00:00:00,7,81,Sat,Aug,0,0,0,0
2019-08-24 00:00:00,8,136,Sat,Aug,0,0,0,0
2019-08-24 00:00:00,9,173,Sat,Aug,0,0,0,0
2019-08-24 00:00:00,10,215,Sat,Aug,5,227,0,0
2019-08-24 00:00:00,11,231,Sat,Aug,0,0,0,0
2019-08-24 00:00:00,12,214,Sat,Aug,9,241,4,87
2019-08-24 00:00:00,13,241,Sat,Aug,0,0,0,87
2019-08-24 00:00:00,14,244,Sat,Aug,0,0,1,29
2019-08-24 00:00:00,15,238,Sat,Aug,9,84,9,131
2019-08-24 00:00:00,16,206,Sat,Aug,0,0,15,508
2019-08-24 00:00:00,17,196,Sat,Aug,4,176,18,871
2019-08-24 00:00:00,18,148,Sat,Aug,1,72,38,649
2019-08-24 00:00:00,19,148,Sat,Aug,0,0,25,656
2019-08-24 00:00:00,20,153,Sat,Aug,1,60,0,0
2019-08-24 00:00:00,21,134,Sat,Aug,57,1418,14,935
2019-08-24 00:00:00,22,89,Sat,Aug,0,0,15,0
2019-08-24 00:00:00,23,73,Sat,Aug,8,320,0,0